Date,Start Time,End Time,Start Timestamp,End Timestamp
2021-08-11,08:14:05,08:14:08,1628662445,1628662448
2021-08-11,08:14:33,08:14:46,1628662473,1628662486
2021-08-11,08:14:51,08:18:47,1628662491,1628662727
2021-08-11,08:19:06,08:20:01,1628662746,1628662801
2021-08-11,08:20:06,08:20:11,1628662806,1628662811
2021-08-11,08:20:18,08:20:25,1628662818,1628662825
2021-08-11,08:20:31,08:20:53,1628662831,1628662853
2021-08-11,08:20:56,08:21:11,1628662856,1628662871
2021-08-11,10:00:50,10:01:25,1628668850,1628668885
2021-08-11,10:01:37,10:02:01,1628668897,1628668921
2021-08-11,10:02:05,10:05:21,1628668925,1628669121
2021-08-11,10:12:02,10:12:08,1628669522,1628669528
2021-08-11,10:12:36,10:13:23,1628669556,1628669603
2021-08-11,10:13:27,10:13:44,1628669607,1628669624
2021-08-11,10:13:50,10:18:22,1628669630,1628669902
2021-08-11,10:18:31,10:21:35,1628669911,1628670095
2021-08-11,10:21:55,10:28:20,1628670115,1628670500
2021-08-11,10:28:39,10:28:41,1628670519,1628670521
2021-08-11,10:50:34,10:50:43,1628671834,1628671843
2021-08-11,10:50:47,10:50:54,1628671847,1628671854
2021-08-11,10:50:58,10:51:06,1628671858,1628671866
2021-08-11,10:51:36,10:55:23,1628671896,1628672123
2021-08-11,10:55:34,11:09:35,1628672134,1628672975
2021-08-11,11:21:53,11:21:56,1628673713,1628673716
2021-08-11,11:22:01,11:22:02,1628673721,1628673722
2021-08-11,11:22:10,11:22:12,1628673730,1628673732
2021-08-11,11:22:21,11:22:25,1628673741,1628673745
2021-08-11,11:23:06,11:23:13,1628673786,1628673793
2021-08-11,11:23:19,11:23:26,1628673799,1628673806
2021-08-11,11:23:37,11:23:38,1628673817,1628673818
2021-08-11,11:24:09,11:38:14,1628673849,1628674694
2021-08-11,11:50:05,11:50:11,1628675405,1628675411
2021-08-11,11:50:14,11:50:21,1628675414,1628675421
2021-08-11,11:50:27,11:50:36,1628675427,1628675436
2021-08-11,11:50:40,11:50:46,1628675440,1628675446
2021-08-11,11:50:50,11:50:54,1628675450,1628675454
2021-08-11,11:51:00,11:51:11,1628675460,1628675471
2021-08-11,11:51:22,12:02:27,1628675482,1628676147
2021-08-11,12:21:55,12:22:05,1628677315,1628677325
2021-08-11,12:22:10,12:22:20,1628677330,1628677340
2021-08-11,12:22:33,12:22:39,1628677353,1628677359
2021-08-11,12:22:46,12:22:51,1628677366,1628677371
2021-08-11,12:22:57,12:23:07,1628677377,1628677387
2021-08-11,12:23:10,12:23:26,1628677390,1628677406
2021-08-11,13:27:13,13:27:45,1628681233,1628681265
2021-08-11,13:27:54,13:27:55,1628681274,1628681275
2021-08-11,13:27:58,13:28:18,1628681278,1628681298
2021-08-11,13:28:27,13:51:57,1628681307,1628682717
2021-08-11,13:52:07,13:54:58,1628682727,1628682898
2021-08-11,13:55:08,13:55:27,1628682908,1628682927
2021-08-11,13:56:10,14:26:32,1628682970,1628684792
2021-08-11,14:26:39,14:27:09,1628684799,1628684829
2021-08-11,14:27:30,14:55:44,1628684850,1628686544
2021-08-11,14:56:17,14:56:52,1628686577,1628686612
2021-08-24,10:28:11,10:28:23,1629793691,1629793703
2021-08-24,10:37:01,10:37:20,1629794221,1629794240
2021-08-24,10:37:57,10:38:50,1629794277,1629794330
2021-08-24,10:38:58,10:39:49,1629794338,1629794389
2021-08-24,10:39:57,10:41:04,1629794397,1629794464
2021-08-24,10:41:10,10:41:14,1629794470,1629794474
2021-08-24,10:41:25,10:41:28,1629794485,1629794488
2021-08-24,10:41:36,10:41:37,1629794496,1629794497
2021-08-24,10:41:57,10:41:59,1629794517,1629794519
2021-08-24,10:42:04,10:49:29,1629794524,1629794969
2021-08-24,10:49:51,10:52:34,1629794991,1629795154
2021-08-24,10:57:24,11:11:44,1629795444,1629796304
2021-08-24,11:21:49,11:29:02,1629796909,1629797342
2021-08-24,11:29:06,11:29:12,1629797346,1629797352
2021-08-24,11:29:16,11:29:27,1629797356,1629797367
2021-08-24,11:29:42,11:29:47,1629797382,1629797387
2021-08-24,11:30:05,11:31:04,1629797405,1629797464
2021-08-24,11:31:09,11:31:20,1629797469,1629797480
2021-08-24,11:31:38,11:33:00,1629797498,1629797580
2021-08-24,11:33:11,11:33:48,1629797591,1629797628
2021-08-24,11:33:59,11:37:21,1629797639,1629797841
2021-08-24,11:37:29,11:46:25,1629797849,1629798385
2021-08-24,12:05:12,12:05:32,1629799512,1629799532
2021-08-24,12:05:55,12:06:09,1629799555,1629799569
2021-08-24,12:06:13,12:06:42,1629799573,1629799602
2021-08-24,12:06:46,12:09:36,1629799606,1629799776
2021-08-24,12:09:40,12:09:49,1629799780,1629799789
2021-08-24,12:09:55,12:10:03,1629799795,1629799803
2021-08-24,12:10:08,12:10:11,1629799808,1629799811
2021-08-24,12:10:15,12:10:26,1629799815,1629799826
2021-08-24,12:10:47,12:11:02,1629799847,1629799862
2021-08-24,12:11:11,12:11:16,1629799871,1629799876
2021-08-24,12:11:25,12:23:26,1629799885,1629800606
2021-08-24,12:23:34,12:27:50,1629800614,1629800870
2021-08-24,12:27:57,12:32:55,1629800877,1629801175
2021-08-24,12:47:08,12:47:09,1629802028,1629802029
2021-08-24,12:47:31,12:47:38,1629802051,1629802058
2021-08-24,12:47:43,12:47:45,1629802063,1629802065
2021-08-24,12:47:49,12:47:52,1629802069,1629802072
2021-08-24,12:48:24,12:48:25,1629802104,1629802105
2021-08-24,12:48:36,12:54:41,1629802116,1629802481
2021-08-24,12:54:51,13:01:40,1629802491,1629802900
2021-08-24,13:11:51,13:35:48,1629803511,1629804948
2021-08-24,13:47:41,13:47:50,1629805661,1629805670
2021-08-24,13:47:55,13:47:58,1629805675,1629805678
2021-08-24,13:48:03,13:48:06,1629805683,1629805686
2021-08-24,14:47:17,14:48:27,1629809237,1629809307
2021-08-24,14:48:35,14:59:21,1629809315,1629809961
2021-08-24,14:59:29,15:04:27,1629809969,1629810267
2021-08-24,15:04:54,15:04:55,1629810294,1629810295
2021-08-24,15:05:15,15:29:48,1629810315,1629811788
2021-08-24,15:29:56,15:30:04,1629811796,1629811804
2021-08-24,15:31:15,15:43:04,1629811875,1629812584
2021-09-14,09:31:50,09:32:27,1631604710,1631604747
2021-09-14,09:33:02,09:36:21,1631604782,1631604981
2021-09-14,09:36:26,09:39:14,1631604986,1631605154
2021-09-14,09:39:22,09:39:54,1631605162,1631605194
2021-09-14,09:48:10,09:48:44,1631605690,1631605724
2021-09-14,09:48:51,09:50:18,1631605731,1631605818
2021-09-14,10:45:36,10:46:04,1631609136,1631609164
2021-09-14,10:46:08,10:48:33,1631609168,1631609313
2021-09-14,10:48:40,10:50:18,1631609320,1631609418
2021-09-14,10:50:25,10:55:17,1631609425,1631609717
2021-09-14,10:55:20,10:55:44,1631609720,1631609744
2021-09-14,10:55:51,10:56:16,1631609751,1631609776
2021-09-14,10:56:30,10:59:06,1631609790,1631609946
2021-09-14,10:59:23,11:04:10,1631609963,1631610250
2021-09-14,11:04:14,11:05:38,1631610254,1631610338
2021-09-14,11:05:46,11:07:34,1631610346,1631610454
2021-09-14,11:07:35,11:08:30,1631610455,1631610510
2021-09-14,11:08:34,11:18:20,1631610514,1631611100
2021-09-14,11:18:24,11:19:25,1631611104,1631611165
2021-09-14,11:20:08,11:27:59,1631611208,1631611679
2021-09-14,11:27:56,11:39:48,1631611676,1631612388
2021-09-14,11:58:50,11:59:04,1631613530,1631613544
2021-09-14,11:59:08,11:59:10,1631613548,1631613550
2021-09-14,11:59:22,12:01:42,1631613562,1631613702
2021-09-14,12:01:48,12:02:38,1631613708,1631613758
2021-09-14,12:02:48,12:02:49,1631613768,1631613769
2021-09-14,12:03:01,12:03:06,1631613781,1631613786
2021-09-14,12:03:11,12:03:34,1631613791,1631613814
2021-09-14,12:03:44,12:16:21,1631613824,1631614581
2021-09-14,12:16:26,12:16:50,1631614586,1631614610
2021-09-14,12:16:58,12:17:10,1631614618,1631614630
2021-09-14,12:17:15,12:17:45,1631614635,1631614665
2021-09-14,12:17:50,12:18:18,1631614670,1631614698
2021-09-14,12:18:42,12:23:48,1631614722,1631615028
2021-09-14,12:23:54,12:30:53,1631615034,1631615453
2021-09-14,12:31:07,12:31:12,1631615467,1631615472
2021-09-14,12:31:19,12:34:20,1631615479,1631615660
2021-09-14,12:49:10,12:49:13,1631616550,1631616553
2021-09-14,12:49:41,12:51:11,1631616581,1631616671
2021-09-14,12:51:17,13:01:35,1631616677,1631617295
2021-09-14,13:01:46,13:01:54,1631617306,1631617314
2021-09-14,13:02:03,13:08:45,1631617323,1631617725
2021-09-14,13:08:54,13:08:56,1631617734,1631617736
2021-09-14,13:09:01,13:12:05,1631617741,1631617925
2021-09-14,13:12:20,13:12:21,1631617940,1631617941
2021-09-14,13:12:29,13:15:16,1631617949,1631618116
2021-09-14,13:15:37,13:23:59,1631618137,1631618639
2021-09-14,13:14:07,13:27:06,1631618047,1631618826
2021-09-14,13:27:24,13:30:45,1631618844,1631619045
2021-09-14,13:30:51,13:42:47,1631619051,1631619767
2021-09-14,13:43:01,13:43:28,1631619781,1631619808
2021-09-14,13:43:36,13:46:07,1631619816,1631619967
2021-09-14,13:46:17,13:46:25,1631619977,1631619985
2021-09-14,13:46:33,13:46:56,1631619993,1631620016
2021-09-14,13:47:14,13:50:56,1631620034,1631620256
2021-09-14,13:51:02,13:51:28,1631620262,1631620288
2021-09-14,14:00:40,14:00:51,1631620840,1631620851
2021-09-14,14:00:59,14:01:36,1631620859,1631620896
2021-09-14,14:02:10,14:02:15,1631620930,1631620935
2021-09-14,14:02:23,14:02:30,1631620943,1631620950
2021-09-14,14:02:48,14:04:53,1631620968,1631621093
2021-09-14,14:05:12,14:05:18,1631621112,1631621118
2021-09-14,14:05:24,14:05:31,1631621124,1631621131
2021-09-14,14:05:39,14:05:47,1631621139,1631621147
2021-09-14,14:05:54,14:21:03,1631621154,1631622063
2021-09-28,08:34:37,08:38:56,1632810877,1632811136
2021-09-28,08:39:06,08:39:28,1632811146,1632811168
2021-09-28,09:31:24,09:32:55,1632814284,1632814375
2021-09-28,09:33:01,09:33:07,1632814381,1632814387
2021-09-28,09:41:08,09:41:18,1632814868,1632814878
2021-09-28,09:41:19,09:41:34,1632814879,1632814894
2021-09-28,09:41:40,09:43:06,1632814900,1632814986
2021-09-28,09:43:12,09:43:51,1632814992,1632815031
2021-09-28,09:45:20,09:52:55,1632815120,1632815575
2021-09-28,09:53:00,09:53:12,1632815580,1632815592
2021-09-28,09:53:16,09:58:16,1632815596,1632815896
2021-09-28,09:58:23,10:20:28,1632815903,1632817228
2021-09-28,10:20:58,10:21:28,1632817258,1632817288
2021-09-28,10:36:03,10:36:08,1632818163,1632818168
2021-09-28,10:36:12,10:36:40,1632818172,1632818200
2021-09-28,10:36:52,10:37:14,1632818212,1632818234
2021-09-28,10:37:23,10:37:38,1632818243,1632818258
2021-09-28,10:37:42,10:44:24,1632818262,1632818664
2021-09-28,10:46:09,10:46:24,1632818769,1632818784
2021-09-28,10:46:29,10:46:45,1632818789,1632818805
2021-09-28,10:47:24,10:48:03,1632818844,1632818883
2021-09-28,10:55:58,10:56:05,1632819358,1632819365
2021-09-28,10:56:12,10:56:21,1632819372,1632819381
2021-09-28,10:56:25,10:56:27,1632819385,1632819387
2021-09-28,10:56:32,11:13:20,1632819392,1632820400
2021-09-28,11:21:40,11:21:48,1632820900,1632820908
2021-09-28,11:21:54,11:22:05,1632820914,1632820925
2021-09-28,11:22:42,11:22:53,1632820962,1632820973
2021-09-28,11:24:36,11:25:15,1632821076,1632821115
2021-09-28,11:25:20,11:25:25,1632821120,1632821125
2021-09-28,11:26:41,11:26:42,1632821201,1632821202
2021-09-28,11:26:45,11:26:47,1632821205,1632821207
2021-09-28,11:26:50,11:35:34,1632821210,1632821734
2021-10-12,08:30:08,08:30:30,1634020208,1634020230
2021-10-12,08:30:37,08:30:38,1634020237,1634020238
2021-10-12,08:30:51,08:35:11,1634020251,1634020511
2021-10-12,08:35:18,08:35:31,1634020518,1634020531
2021-10-12,08:35:37,08:35:39,1634020537,1634020539
2021-10-12,08:35:46,08:36:55,1634020546,1634020615
2021-10-12,11:01:24,11:03:04,1634029284,1634029384
2021-10-12,11:09:10,11:12:05,1634029750,1634029925
2021-10-12,11:15:01,11:15:07,1634030101,1634030107
2021-10-12,11:19:11,11:19:38,1634030351,1634030378
2021-10-12,11:20:37,11:23:42,1634030437,1634030622
2021-10-12,11:23:55,11:24:02,1634030635,1634030642
2021-10-12,11:24:08,11:24:31,1634030648,1634030671
2021-10-12,11:24:39,11:25:01,1634030679,1634030701
2021-10-12,11:25:25,11:27:01,1634030725,1634030821
2021-10-12,11:14:06,11:30:28,1634030046,1634031028
2021-10-12,11:30:40,11:36:09,1634031040,1634031369
2021-10-12,11:36:15,11:38:54,1634031375,1634031534
2021-10-12,11:55:14,11:55:25,1634032514,1634032525
2021-10-12,11:55:30,11:55:38,1634032530,1634032538
2021-10-12,11:55:49,11:56:02,1634032549,1634032562
2021-10-12,11:56:34,11:56:35,1634032594,1634032595
2021-10-12,11:56:39,11:56:58,1634032599,1634032618
2021-10-12,11:57:02,11:57:07,1634032622,1634032627
2021-10-12,11:57:19,11:57:21,1634032639,1634032641
2021-10-12,11:57:36,11:57:58,1634032656,1634032678
2021-10-12,11:58:01,11:59:03,1634032681,1634032743
2021-10-12,11:59:08,11:59:23,1634032748,1634032763
2021-10-12,11:59:27,12:03:54,1634032767,1634033034
2021-10-12,12:15:46,12:16:00,1634033746,1634033760
2021-10-12,12:16:10,12:16:16,1634033770,1634033776
2021-10-12,12:16:46,12:16:50,1634033806,1634033810
2021-10-12,12:16:57,12:17:03,1634033817,1634033823
2021-10-12,12:17:07,12:17:12,1634033827,1634033832
2021-10-12,12:17:18,12:17:24,1634033838,1634033844
2021-10-12,12:17:40,12:17:43,1634033860,1634033863
2021-10-12,12:17:50,12:17:52,1634033870,1634033872
2021-10-12,12:17:58,12:18:21,1634033878,1634033901
2021-10-12,12:18:29,12:28:18,1634033909,1634034498
2021-10-12,12:41:29,12:41:34,1634035289,1634035294
2021-10-12,12:41:48,12:42:12,1634035308,1634035332
2021-10-12,12:42:15,12:46:38,1634035335,1634035598
2021-10-12,12:46:43,12:51:42,1634035603,1634035902
2021-10-12,12:51:49,12:55:42,1634035909,1634036142
2021-10-19,09:44:22,09:45:42,1634629462,1634629542
2021-10-19,09:46:08,09:46:11,1634629568,1634629571
2021-10-19,09:46:57,09:47:00,1634629617,1634629620
2021-10-19,09:47:04,09:50:30,1634629624,1634629830
2021-10-19,09:57:17,10:08:32,1634630237,1634630912
2021-10-19,10:09:51,10:12:11,1634630991,1634631131
2021-10-19,10:17:51,10:18:02,1634631471,1634631482
2021-10-19,10:18:39,10:20:39,1634631519,1634631639
2021-10-19,10:28:57,10:29:44,1634632137,1634632184
2021-10-19,10:30:15,10:30:30,1634632215,1634632230
2021-10-19,10:32:39,10:34:54,1634632359,1634632494
2021-10-19,10:35:27,10:35:29,1634632527,1634632529
2021-10-19,11:31:14,11:32:15,1634635874,1634635935
2021-10-19,11:32:34,11:33:45,1634635954,1634636025
2021-10-19,11:34:04,11:35:59,1634636044,1634636159
2021-10-19,11:36:04,11:36:17,1634636164,1634636177
2021-10-19,11:36:21,11:37:23,1634636181,1634636243
2021-10-19,11:37:32,11:39:27,1634636252,1634636367
2021-10-19,11:40:06,11:47:37,1634636406,1634636857
2021-10-19,11:47:43,11:57:36,1634636863,1634637456
2021-10-19,11:57:43,11:57:51,1634637463,1634637471
2021-10-19,11:57:56,11:58:13,1634637476,1634637493
2021-10-19,11:58:18,11:58:33,1634637498,1634637513
2021-10-19,11:58:41,11:59:09,1634637521,1634637549
2021-10-19,11:59:20,11:59:57,1634637560,1634637597
2021-10-19,12:15:55,12:24:04,1634638555,1634639044
2021-10-19,12:24:13,12:24:24,1634639053,1634639064
2021-10-19,12:24:29,12:24:33,1634639069,1634639073
2021-10-19,12:34:24,12:35:10,1634639664,1634639710
2021-10-19,12:35:14,12:35:25,1634639714,1634639725
2021-10-19,12:35:28,12:35:37,1634639728,1634639737
2021-10-19,12:35:41,12:35:57,1634639741,1634639757
2021-10-19,12:37:20,12:37:30,1634639840,1634639850
2021-10-19,12:37:37,12:37:41,1634639857,1634639861
2021-10-19,12:38:11,12:48:18,1634639891,1634640498
2021-10-19,12:47:06,12:47:07,1634640426,1634640427
2021-10-19,12:47:16,12:47:26,1634640436,1634640446
2021-10-19,12:57:45,12:57:49,1634641065,1634641069
2021-10-19,12:57:57,12:57:58,1634641077,1634641078
2021-10-19,12:58:02,12:58:07,1634641082,1634641087
2021-10-19,12:58:12,12:58:14,1634641092,1634641094
2021-10-19,12:58:27,12:58:32,1634641107,1634641112
2021-10-19,12:58:38,12:58:42,1634641118,1634641122
2021-10-19,12:58:46,12:58:51,1634641126,1634641131
2021-10-19,12:58:56,12:58:59,1634641136,1634641139
2021-10-19,12:59:11,12:59:23,1634641151,1634641163
2021-10-19,12:59:31,12:59:37,1634641171,1634641177
2021-10-19,12:59:48,13:13:36,1634641188,1634642016
2021-10-19,13:14:29,14:16:31,1634642069,1634645791
2021-10-26,09:00:09,09:03:53,1635231609,1635231833
2021-10-26,09:04:12,09:05:13,1635231852,1635231913
2021-10-26,09:05:18,09:05:19,1635231918,1635231919
2021-10-26,09:06:00,09:06:04,1635231960,1635231964
2021-10-26,09:06:17,09:06:40,1635231977,1635232000
2021-10-26,09:06:44,09:07:02,1635232004,1635232022
2021-10-26,09:45:47,09:45:51,1635234347,1635234351
2021-10-26,09:46:46,09:47:59,1635234406,1635234479
2021-10-26,09:48:54,09:50:31,1635234534,1635234631
2021-10-26,09:51:35,09:51:47,1635234695,1635234707
2021-10-26,09:51:54,09:52:02,1635234714,1635234722
2021-10-26,09:58:00,09:58:28,1635235080,1635235108
2021-10-26,10:06:50,10:07:32,1635235610,1635235652
2021-10-26,10:08:52,10:14:31,1635235732,1635236071
2021-10-26,10:14:37,10:15:18,1635236077,1635236118
2021-10-26,10:15:21,10:15:38,1635236121,1635236138
2021-10-26,10:15:47,10:16:54,1635236147,1635236214
2021-10-26,10:17:00,10:17:06,1635236220,1635236226
2021-10-26,10:17:13,10:17:30,1635236233,1635236250
2021-10-26,10:17:39,10:18:10,1635236259,1635236290
2021-10-26,10:18:16,10:59:04,1635236296,1635238744
2021-10-26,11:19:26,11:19:46,1635239966,1635239986
2021-10-26,11:19:52,11:20:03,1635239992,1635240003
2021-10-26,11:20:07,11:20:28,1635240007,1635240028
2021-10-26,11:20:35,11:20:53,1635240035,1635240053
2021-10-26,11:20:59,11:21:12,1635240059,1635240072
2021-10-26,11:21:50,11:21:58,1635240110,1635240118
2021-10-26,11:22:10,11:22:24,1635240130,1635240144
2021-10-26,11:22:43,11:22:45,1635240163,1635240165
2021-10-26,11:22:49,11:23:10,1635240169,1635240190
2021-10-26,11:24:37,11:25:00,1635240277,1635240300
2021-10-26,11:25:24,11:31:28,1635240324,1635240688
2021-10-26,11:59:15,12:11:24,1635242355,1635243084
2021-10-26,12:11:30,12:11:38,1635243090,1635243098
2021-11-02,08:35:40,08:36:27,1635838540,1635838587
2021-11-02,08:37:59,08:38:27,1635838679,1635838707
2021-11-02,08:38:34,08:40:05,1635838714,1635838805
2021-11-02,08:40:29,08:40:42,1635838829,1635838842
2021-11-02,08:40:48,08:41:02,1635838848,1635838862
2021-11-02,08:41:08,08:44:13,1635838868,1635839053
2021-11-02,09:02:25,09:02:27,1635840145,1635840147
2021-11-02,09:03:01,09:03:10,1635840181,1635840190
2021-11-02,09:04:34,09:04:59,1635840274,1635840299
2021-11-02,10:00:20,10:00:23,1635843620,1635843623
2021-11-02,10:00:26,10:00:59,1635843626,1635843659
2021-11-02,10:01:03,10:02:00,1635843663,1635843720
2021-11-02,10:03:32,10:03:42,1635843812,1635843822
2021-11-02,10:04:32,10:05:16,1635843872,1635843916
2021-11-02,10:05:25,10:06:56,1635843925,1635844016
2021-11-02,10:07:01,10:07:24,1635844021,1635844044
2021-11-02,10:07:30,10:07:40,1635844050,1635844060
2021-11-02,10:07:44,10:09:47,1635844064,1635844187
2021-11-02,10:09:51,10:09:55,1635844191,1635844195
2021-11-02,10:09:59,10:10:18,1635844199,1635844218
2021-11-02,10:10:21,10:10:22,1635844221,1635844222
2021-11-02,10:10:25,10:10:53,1635844225,1635844253
2021-11-02,10:11:43,10:11:45,1635844303,1635844305
2021-11-02,10:12:09,10:13:41,1635844329,1635844421
2021-11-02,10:13:45,10:57:42,1635844425,1635847062
2021-11-02,11:12:48,11:13:19,1635847968,1635847999
2021-11-02,11:13:23,11:13:28,1635848003,1635848008
2021-11-02,11:13:31,11:13:55,1635848011,1635848035
2021-11-02,11:14:00,11:14:03,1635848040,1635848043
2021-11-02,11:14:08,11:14:11,1635848048,1635848051
2021-11-02,11:14:15,11:14:18,1635848055,1635848058
2021-11-02,11:14:47,11:15:02,1635848087,1635848102
2021-11-02,11:15:13,11:15:21,1635848113,1635848121
2021-11-02,11:15:27,11:15:49,1635848127,1635848149
2021-11-02,11:16:10,11:16:17,1635848170,1635848177
2021-11-02,11:16:22,11:16:37,1635848182,1635848197
2021-11-02,11:17:07,11:17:17,1635848227,1635848237
2021-11-02,11:17:22,11:17:29,1635848242,1635848249
2021-11-02,11:17:42,11:24:40,1635848262,1635848680
2021-11-02,11:25:01,11:31:26,1635848701,1635849086
2021-11-02,11:31:30,11:41:02,1635849090,1635849662
2021-11-02,11:41:06,11:41:16,1635849666,1635849676
2021-11-02,11:41:17,11:42:13,1635849677,1635849733
2021-11-02,11:47:39,11:48:15,1635850059,1635850095
2021-11-09,07:15:06,07:17:59,1636438506,1636438679
2021-11-09,07:18:05,07:18:10,1636438685,1636438690
2021-11-09,07:18:23,07:19:49,1636438703,1636438789
2021-11-09,08:22:03,08:22:10,1636442523,1636442530
2021-11-09,08:22:13,08:22:55,1636442533,1636442575
2021-11-09,08:23:08,08:23:33,1636442588,1636442613
2021-11-09,08:23:39,08:23:46,1636442619,1636442626
2021-11-09,08:24:24,08:24:52,1636442664,1636442692
2021-11-09,08:24:57,08:24:07,1636442697,1636442647
2021-11-09,08:26:32,08:26:51,1636442792,1636442811
2021-11-09,08:27:00,08:27:20,1636442820,1636442840
2021-11-09,08:27:24,08:27:49,1636442844,1636442869
2021-11-09,08:43:21,08:44:36,1636443801,1636443876
2021-11-09,08:44:53,08:45:02,1636443893,1636443902
2021-11-09,08:45:06,08:46:04,1636443906,1636443964
2021-11-09,08:46:07,08:47:54,1636443967,1636444074
2021-11-09,08:47:58,08:48:12,1636444078,1636444092
2021-11-09,08:48:15,08:48:34,1636444095,1636444114
2021-11-09,08:48:48,08:50:19,1636444128,1636444219
2021-11-09,08:50:29,08:50:46,1636444229,1636444246
2021-11-09,08:50:50,08:51:09,1636444250,1636444269
2021-11-09,08:51:19,08:51:57,1636444279,1636444317
2021-11-09,08:52:05,08:56:45,1636444325,1636444605
2021-11-09,08:56:54,08:58:00,1636444614,1636444680
2021-11-09,08:58:40,08:58:45,1636444720,1636444725
2021-11-09,08:58:55,08:59:00,1636444735,1636444740
2021-11-09,08:59:15,09:00:34,1636444755,1636444834
2021-11-09,09:03:11,09:03:13,1636444991,1636444993
2021-11-09,09:04:34,09:04:48,1636445074,1636445088
2021-11-09,09:05:02,09:05:05,1636445102,1636445105
2021-11-09,09:05:14,09:05:36,1636445114,1636445136
2021-11-09,09:27:05,09:32:24,1636446425,1636446744
2021-11-09,09:32:29,09:59:28,1636446749,1636448368
2021-11-09,09:59:33,10:00:04,1636448373,1636448404
2021-11-09,10:00:09,10:04:16,1636448409,1636448656
2021-11-09,10:04:30,10:04:35,1636448670,1636448675
2021-11-09,10:26:41,10:26:44,1636450001,1636450004
2021-11-09,10:26:50,10:27:01,1636450010,1636450021
2021-11-09,10:27:04,10:27:10,1636450024,1636450030
2021-11-09,10:27:19,10:27:25,1636450039,1636450045
2021-11-09,10:28:45,10:31:30,1636450125,1636450290
2021-11-09,10:31:34,10:34:09,1636450294,1636450449
2021-11-09,10:34:31,10:44:00,1636450471,1636451040
2021-11-09,10:59:34,10:59:59,1636451974,1636451999
2021-11-09,11:00:04,11:00:22,1636452004,1636452022
2021-11-09,11:00:28,11:00:31,1636452028,1636452031
2021-11-09,11:00:38,11:00:44,1636452038,1636452044
2021-11-09,11:01:10,11:07:59,1636452070,1636452479
2021-11-09,11:08:03,11:08:21,1636452483,1636452501
2021-11-09,11:08:44,11:08:56,1636452524,1636452536
2021-11-09,11:09:00,11:09:26,1636452540,1636452566
2021-11-09,11:09:36,11:09:38,1636452576,1636452578
2021-11-09,11:09:44,11:27:24,1636452584,1636453644
2021-11-09,11:27:55,11:29:36,1636453675,1636453776
2021-11-09,11:30:25,11:31:14,1636453825,1636453874
2021-11-09,11:31:19,11:57:27,1636453879,1636455447
2021-11-09,11:57:48,12:01:25,1636455468,1636455685
2021-11-16,07:24:26,07:26:08,1637043866,1637043968
2021-11-16,07:26:12,07:26:13,1637043972,1637043973
2021-11-16,07:26:17,07:28:26,1637043977,1637044106
2021-11-16,07:29:51,07:31:09,1637044191,1637044269
2021-11-16,07:31:37,07:31:44,1637044297,1637044304
2021-11-16,07:57:27,07:57:51,1637045847,1637045871
2021-11-16,07:58:26,07:58:38,1637045906,1637045918
2021-11-16,07:58:42,08:00:10,1637045922,1637046010
2021-11-16,08:00:23,08:02:12,1637046023,1637046132
2021-11-16,08:05:24,08:10:57,1637046324,1637046657
2021-11-16,08:11:03,08:11:14,1637046663,1637046674
2021-11-16,08:11:20,08:11:46,1637046680,1637046706
2021-11-16,08:11:51,08:12:06,1637046711,1637046726
2021-11-16,08:12:09,08:12:11,1637046729,1637046731
2021-11-16,08:12:15,08:13:27,1637046735,1637046807
2021-11-16,08:13:30,08:13:36,1637046810,1637046816
2021-11-16,08:13:52,08:14:35,1637046832,1637046875
2021-11-16,08:14:40,08:14:50,1637046880,1637046890
2021-11-16,08:15:04,08:15:06,1637046904,1637046906
2021-11-16,08:15:11,08:15:14,1637046911,1637046914
2021-11-16,08:15:18,08:42:28,1637046918,1637048548
2021-11-16,08:52:33,08:52:40,1637049153,1637049160
2021-11-16,08:52:43,08:52:56,1637049163,1637049176
2021-11-16,08:52:59,08:53:03,1637049179,1637049183
2021-11-16,08:53:07,08:54:34,1637049187,1637049274
2021-11-16,08:54:43,08:55:20,1637049283,1637049320
2021-11-16,08:55:33,08:55:56,1637049333,1637049356
2021-11-16,08:56:02,08:57:42,1637049362,1637049462
2021-11-16,08:57:47,08:57:48,1637049467,1637049468
2021-11-16,08:57:54,09:07:23,1637049474,1637050043
2021-11-16,09:18:48,09:19:13,1637050728,1637050753
2021-11-16,09:19:18,09:19:32,1637050758,1637050772
2021-11-16,09:19:35,09:19:41,1637050775,1637050781
2021-11-16,09:19:49,09:22:08,1637050789,1637050928
2021-11-16,09:22:17,09:27:49,1637050937,1637051269
2021-11-16,09:27:58,09:59:37,1637051278,1637053177
2021-11-16,10:00:43,10:05:15,1637053243,1637053515
2021-11-16,10:05:27,10:05:31,1637053527,1637053531
2021-11-16,10:19:32,10:19:35,1637054372,1637054375
2021-11-16,10:19:38,10:19:53,1637054378,1637054393
2021-11-16,10:21:03,10:21:25,1637054463,1637054485
2021-11-16,10:21:39,10:21:48,1637054499,1637054508
2021-11-16,10:21:58,10:22:10,1637054518,1637054530
2021-11-16,10:22:20,10:22:33,1637054540,1637054553
2021-11-16,10:22:47,10:23:37,1637054567,1637054617
2021-11-16,10:23:48,10:24:00,1637054628,1637054640
2021-11-16,10:24:02,10:24:19,1637054642,1637054659
2021-11-23,08:00:39,08:03:26,1637650839,1637651006
2021-11-23,08:03:30,08:04:03,1637651010,1637651043
2021-11-23,08:04:11,08:04:24,1637651051,1637651064
2021-11-23,08:04:29,08:04:37,1637651069,1637651077
2021-11-23,08:04:49,08:06:25,1637651089,1637651185
2021-11-23,08:07:05,08:07:06,1637651225,1637651226
2021-11-23,08:07:10,08:07:24,1637651230,1637651244
2021-11-23,08:07:46,08:10:44,1637651266,1637651444
2021-11-23,08:11:31,08:11:33,1637651491,1637651493
2021-11-23,08:11:34,08:17:46,1637651494,1637651866
2021-11-23,08:23:43,08:23:46,1637652223,1637652226
2021-11-23,08:23:48,08:23:56,1637652228,1637652236
2021-11-23,08:24:06,08:24:37,1637652246,1637652277
2021-11-23,08:24:43,08:26:28,1637652283,1637652388
2021-11-23,08:26:33,08:26:38,1637652393,1637652398
2021-11-23,08:26:49,08:39:26,1637652409,1637653166
2021-11-23,08:39:30,08:42:43,1637653170,1637653363
2021-11-23,08:42:57,08:43:01,1637653377,1637653381
2021-11-23,08:43:07,08:41:09,1637653387,1637653269
2021-11-23,09:17:54,09:20:35,1637655474,1637655635
2021-11-23,09:20:40,09:20:53,1637655640,1637655653
2021-11-23,09:21:31,09:21:35,1637655691,1637655695
2021-11-23,09:21:44,09:22:55,1637655704,1637655775
2021-11-23,09:23:01,09:57:35,1637655781,1637657855
2021-11-23,10:42:15,10:42:17,1637660535,1637660537
2021-11-23,10:42:43,10:52:51,1637660563,1637661171
2021-11-23,10:53:12,10:56:05,1637661192,1637661365
2021-11-23,10:56:12,11:27:06,1637661372,1637663226
2021-11-23,11:48:10,11:49:21,1637664490,1637664561
2021-11-23,11:49:24,11:49:27,1637664564,1637664567
2021-11-23,11:49:31,11:49:54,1637664571,1637664594
2021-11-23,11:50:01,11:50:15,1637664601,1637664615
2021-11-23,12:19:00,12:19:31,1637666340,1637666371
2021-11-23,12:20:16,12:20:35,1637666416,1637666435
2021-11-23,12:21:09,12:22:15,1637666469,1637666535
2021-11-23,12:22:28,12:28:15,1637666548,1637666895
2021-11-23,12:28:21,12:29:39,1637666901,1637666979
2021-11-30,07:08:01,07:11:21,1638252481,1638252681
2021-11-30,07:12:04,07:12:46,1638252724,1638252766
2021-11-30,07:12:51,07:12:53,1638252771,1638252773
2021-11-30,07:13:06,07:14:20,1638252786,1638252860
2021-11-30,07:40:37,07:44:27,1638254437,1638254667
2021-11-30,07:44:41,07:45:06,1638254681,1638254706
2021-11-30,07:46:11,07:47:42,1638254771,1638254862
2021-11-30,07:47:52,07:55:56,1638254872,1638255356
2021-11-30,07:56:01,07:56:17,1638255361,1638255377
2021-11-30,07:56:22,07:56:37,1638255382,1638255397
2021-11-30,07:56:47,07:57:03,1638255407,1638255423
2021-11-30,07:57:08,07:58:20,1638255428,1638255500
2021-11-30,07:58:24,07:59:37,1638255504,1638255577
2021-11-30,07:59:47,08:00:06,1638255587,1638255606
2021-11-30,08:00:36,08:00:58,1638255636,1638255658
2021-11-30,09:56:45,09:56:51,1638262605,1638262611
2021-11-30,09:57:34,09:58:22,1638262654,1638262702
2021-11-30,09:58:28,10:37:35,1638262708,1638265055
2021-11-30,10:51:13,10:51:30,1638265873,1638265890
2021-11-30,10:51:54,10:52:00,1638265914,1638265920
2021-11-30,10:52:05,10:52:10,1638265925,1638265930
2021-11-30,10:52:29,10:52:33,1638265949,1638265953
2021-11-30,10:52:01,10:54:15,1638265921,1638266055
2021-11-30,10:54:21,11:12:55,1638266061,1638267175
2021-11-30,11:12:58,11:20:26,1638267178,1638267626
2021-11-30,11:20:34,11:20:09,1638267634,1638267609
2021-11-30,16:23:01,16:23:05,1638285781,1638285785
2021-11-30,16:23:33,16:26:02,1638285813,1638285962
2021-11-30,16:26:32,16:26:36,1638285992,1638285996
2021-11-30,16:27:06,16:28:10,1638286026,1638286090
2021-11-30,16:50:01,16:50:44,1638287401,1638287444
2021-11-30,16:51:52,16:52:52,1638287512,1638287572
2021-11-30,16:52:59,16:53:57,1638287579,1638287637
2021-11-30,16:54:05,17:00:50,1638287645,1638288050
2021-11-30,17:00:57,17:01:18,1638288057,1638288078
2021-11-30,17:01:23,17:02:40,1638288083,1638288160
2021-11-30,17:02:55,17:50:44,1638288175,1638291044
2021-11-30,17:51:06,18:10:58,1638291066,1638292258
2021-11-30,18:20:14,18:20:18,1638292814,1638292818
2021-11-30,18:20:29,18:20:51,1638292829,1638292851
2021-11-30,18:20:59,18:30:20,1638292859,1638293420
2021-11-30,18:30:37,18:40:54,1638293437,1638294054
2021-12-07,07:35:12,07:35:13,1638858912,1638858913
2021-12-07,07:35:46,07:36:54,1638858946,1638859014
2021-12-07,07:37:04,07:39:00,1638859024,1638859140
2021-12-07,07:39:08,07:39:23,1638859148,1638859163
2021-12-07,07:39:41,07:41:29,1638859181,1638859289
2021-12-07,07:42:30,07:43:32,1638859350,1638859412
2021-12-07,07:51:51,07:52:12,1638859911,1638859932
2021-12-07,07:52:52,07:56:18,1638859972,1638860178
2021-12-07,07:57:54,08:00:12,1638860274,1638860412
2021-12-07,08:00:18,08:00:42,1638860418,1638860442
2021-12-07,08:00:47,08:08:49,1638860447,1638860929
2021-12-07,09:09:03,09:10:09,1638864543,1638864609
2021-12-07,09:43:48,09:46:35,1638866628,1638866795
2021-12-07,09:46:38,09:46:47,1638866798,1638866807
2021-12-07,09:46:52,10:41:50,1638866812,1638870110
2021-12-07,10:41:57,10:42:16,1638870117,1638870136
2021-12-07,10:58:47,10:59:07,1638871127,1638871147
2021-12-07,10:59:13,10:59:20,1638871153,1638871160
2021-12-07,10:59:42,10:59:48,1638871182,1638871188
2021-12-07,10:59:54,11:00:14,1638871194,1638871214
2021-12-07,11:00:28,11:01:00,1638871228,1638871260
2021-12-07,11:01:12,11:01:15,1638871272,1638871275
2021-12-07,11:01:20,11:16:14,1638871280,1638872174
2021-12-07,11:16:27,11:16:36,1638872187,1638872196
2021-12-07,11:28:57,11:30:32,1638872937,1638873032
2021-12-07,11:30:36,11:30:39,1638873036,1638873039
2021-12-07,11:30:43,11:30:48,1638873043,1638873048
2021-12-09,08:41:06,08:42:55,1639035666,1639035775
2021-12-09,08:42:59,08:35:56,1639035779,1639035356
2021-12-09,08:47:02,08:48:08,1639036022,1639036088
2021-12-09,08:48:42,08:49:53,1639036122,1639036193
2021-12-09,08:49:57,08:50:08,1639036197,1639036208
2021-12-09,08:50:15,08:51:00,1639036215,1639036260
2021-12-09,08:51:07,08:56:13,1639036267,1639036573
2021-12-09,08:56:30,08:57:08,1639036590,1639036628
2021-12-09,08:57:32,09:00:33,1639036652,1639036833
2021-12-09,09:02:10,09:03:35,1639036930,1639037015
2021-12-09,09:40:58,09:46:30,1639039258,1639039590
2021-12-09,09:46:37,09:50:46,1639039597,1639039846
2021-12-09,09:56:16,09:56:40,1639040176,1639040200
2021-12-09,09:56:45,09:58:09,1639040205,1639040289
2021-12-09,09:58:14,10:05:36,1639040294,1639040736
2021-12-09,10:18:09,10:20:32,1639041489,1639041632
2021-12-09,10:20:36,10:22:58,1639041636,1639041778
2021-12-09,10:23:02,10:23:19,1639041782,1639041799
2021-12-09,10:23:28,10:23:42,1639041808,1639041822
2021-12-09,10:23:52,10:24:11,1639041832,1639041851
2021-12-09,10:24:37,10:26:22,1639041877,1639041982
2021-12-09,10:26:27,10:26:36,1639041987,1639041996
2021-12-09,10:26:41,10:41:15,1639042001,1639042875
2021-12-09,10:47:25,11:07:54,1639043245,1639044474
2021-12-09,11:41:57,11:44:01,1639046517,1639046641
2021-12-09,11:44:05,11:44:08,1639046645,1639046648
2021-12-09,11:44:13,11:44:16,1639046653,1639046656
2021-12-09,11:44:26,11:44:34,1639046666,1639046674
2021-12-09,11:45:19,11:47:25,1639046719,1639046845
2021-12-09,11:47:30,11:47:43,1639046850,1639046863
2021-12-09,11:47:49,12:12:39,1639046869,1639048359
2021-12-09,12:12:45,12:13:00,1639048365,1639048380
2021-12-09,12:29:15,12:29:16,1639049355,1639049356
2021-12-09,12:29:19,12:29:23,1639049359,1639049363
2021-12-09,12:29:27,12:29:39,1639049367,1639049379
2021-12-09,12:29:45,12:31:40,1639049385,1639049500
2021-12-09,12:31:48,12:32:17,1639049508,1639049537
2021-12-10,07:55:16,07:55:40,1639119316,1639119340
2021-12-10,07:55:44,07:55:48,1639119344,1639119348
2021-12-10,07:56:01,07:58:54,1639119361,1639119534
2021-12-10,07:59:07,08:01:49,1639119547,1639119709
2021-12-10,08:02:22,08:16:09,1639119742,1639120569
2021-12-10,08:29:07,08:31:56,1639121347,1639121516
2021-12-10,08:32:02,08:36:01,1639121522,1639121761
2021-12-10,08:37:05,08:37:48,1639121825,1639121868
2021-12-10,09:06:44,09:08:30,1639123604,1639123710
2021-12-10,09:11:41,09:13:17,1639123901,1639123997
2021-12-10,09:13:41,09:14:38,1639124021,1639124078
2021-12-10,09:23:42,09:24:15,1639124622,1639124655
2021-12-10,09:24:41,09:24:56,1639124681,1639124696
2021-12-10,09:39:42,09:40:16,1639125582,1639125616
2021-12-10,09:41:35,09:41:58,1639125695,1639125718
2021-12-10,09:42:02,09:44:48,1639125722,1639125888
2021-12-10,09:44:54,09:54:30,1639125894,1639126470
2021-12-10,09:54:36,09:56:14,1639126476,1639126574
2021-12-10,09:56:22,09:57:52,1639126582,1639126672
2021-12-10,09:57:58,09:58:43,1639126678,1639126723
2021-12-10,09:59:58,09:59:01,1639126798,1639126741
2021-12-10,09:59:05,10:16:56,1639126745,1639127816
2021-12-10,10:17:17,10:36:27,1639127837,1639128987
2021-12-10,10:36:36,10:37:02,1639128996,1639129022
2021-12-10,10:53:32,10:53:57,1639130012,1639130037
2021-12-10,10:53:59,10:54:42,1639130039,1639130082
2021-12-10,10:54:46,10:55:02,1639130086,1639130102
2021-12-10,10:55:06,10:56:34,1639130106,1639130194
2021-12-10,10:56:40,11:14:54,1639130200,1639131294
2021-12-10,11:15:05,11:27:22,1639131305,1639132042
2021-12-10,11:27:24,11:33:01,1639132044,1639132381
2021-12-10,11:33:08,11:33:15,1639132388,1639132395
2021-12-10,11:33:20,11:33:27,1639132400,1639132407
2021-12-10,11:51:04,12:08:03,1639133464,1639134483
2021-12-10,12:08:07,12:10:36,1639134487,1639134636
2021-12-10,12:32:35,12:32:46,1639135955,1639135966
2021-12-10,12:33:06,12:34:19,1639135986,1639136059
2021-12-10,12:34:23,12:36:05,1639136063,1639136165
2021-12-14,07:57:52,07:59:33,1639465072,1639465173
2021-12-14,08:01:16,08:04:03,1639465276,1639465443
2021-12-14,08:04:08,08:05:23,1639465448,1639465523
2021-12-14,08:10:12,08:10:53,1639465812,1639465853
2021-12-14,08:37:13,08:39:57,1639467433,1639467597
2021-12-14,08:39:03,08:46:43,1639467543,1639468003
2021-12-14,08:46:54,08:51:49,1639468014,1639468309
2021-12-14,08:51:53,08:52:01,1639468313,1639468321
2021-12-14,08:52:10,08:53:10,1639468330,1639468390
2021-12-14,08:55:55,08:56:51,1639468555,1639468611
2021-12-14,08:56:55,08:57:02,1639468615,1639468622
2021-12-14,08:57:11,08:58:30,1639468631,1639468710
2021-12-14,08:58:38,09:55:15,1639468718,1639472115
2021-12-14,10:28:16,10:28:48,1639474096,1639474128
2021-12-14,10:29:24,10:29:27,1639474164,1639474167
2021-12-14,10:29:37,10:30:38,1639474177,1639474238
2021-12-14,10:30:44,10:57:03,1639474244,1639475823
2021-12-14,11:19:19,11:24:17,1639477159,1639477457
2021-12-15,08:32:45,08:33:19,1639553565,1639553599
2021-12-15,08:34:42,08:37:24,1639553682,1639553844
2021-12-15,08:37:29,08:38:25,1639553849,1639553905
2021-12-15,08:39:20,08:46:02,1639553960,1639554362
2021-12-15,08:47:17,08:47:23,1639554437,1639554443
2021-12-15,08:47:39,08:48:26,1639554459,1639554506
2021-12-15,08:48:29,08:59:25,1639554509,1639555165
2021-12-15,08:59:29,08:59:32,1639555169,1639555172
2021-12-15,08:59:49,08:59:55,1639555189,1639555195
2021-12-15,09:00:26,09:00:46,1639555226,1639555246
2021-12-15,09:00:52,09:02:49,1639555252,1639555369
2021-12-15,09:04:41,09:15:52,1639555481,1639556152
2021-12-15,09:15:13,09:17:35,1639556113,1639556255
2021-12-15,09:17:47,09:18:41,1639556267,1639556321
2021-12-15,09:25:34,09:27:42,1639556734,1639556862
2021-12-15,09:27:49,09:28:19,1639556869,1639556899
2021-12-15,09:28:23,10:22:56,1639556903,1639560176
2021-12-15,10:23:05,10:23:15,1639560185,1639560195
2021-12-15,10:23:19,11:03:50,1639560199,1639562630
2021-12-15,11:16:26,11:17:23,1639563386,1639563443
2021-12-15,11:17:27,11:17:33,1639563447,1639563453
2021-12-15,11:17:38,11:17:41,1639563458,1639563461
2021-12-15,11:17:46,11:17:48,1639563466,1639563468
2021-12-15,11:17:52,11:18:48,1639563472,1639563528
2021-12-15,11:19:03,11:45:46,1639563543,1639565146
2021-12-15,11:57:16,11:57:21,1639565836,1639565841
2021-12-15,11:57:26,11:58:29,1639565846,1639565909
2021-12-15,11:58:33,11:58:43,1639565913,1639565923
2021-12-15,11:58:48,12:03:42,1639565928,1639566222
2021-12-15,12:09:49,12:19:19,1639566589,1639567159
